{"cameraMode":{"drawMode":0,"name":"Shaded","section":"Shading Mode"},"sceneLighting":true,"audioPlay":false,"sceneViewState":{"m_AlwaysRefresh":false,"showFog":true,"showSkybox":true,"showFlares":true,"showImageEffects":true,"showParticleSystems":true,"showVisualEffectGraphs":true,"m_FxEnabled":true},"in2DMode":false,"pivot":{"x":0.4469026029109955,"y":1.567328691482544,"z":-0.6102447509765625},"rotation":{"x":-0.10604636371135712,"y":0.10183381289243698,"z":-0.010921268723905087,"w":-0.9890773892402649},"size":0.8660253882408142,"orthographic":false}